{"cameraMode":{"drawMode":0,"name":"Shaded","section":"Shading Mode"},"sceneLighting":true,"audioPlay":false,"sceneViewState":{"showFog":true,"showMaterialUpdate":false,"showSkybox":true,"showFlares":true,"showImageEffects":true,"showParticleSystems":true},"in2DMode":false,"pivot":{"x":4.174229145050049,"y":-0.31757092475891116,"z":2.8620638847351076},"rotation":{"x":-0.09965166449546814,"y":-0.00039353020838461816,"z":0.00008772889123065397,"w":-0.9950974583625794},"size":8.698943138122559,"orthographic":false}